-8.990528090000000248e+02,0.000000000000000000e+00
2.500300000000000092e-02,9.999310119665676209e-04
2.500300000000000092e-02,1.999862023933135242e-03
2.500300000000000092e-02,2.999793035899702646e-03
2.500300000000000092e-02,3.999724047866270484e-03
2.500300000000000092e-02,4.999655059832837888e-03
2.500300000000000092e-02,5.999586071799405292e-03
2.500300000000000092e-02,6.999517083765973563e-03
2.500300000000000092e-02,7.999448095732540967e-03
2.500300000000000092e-02,8.999379107699108371e-03
2.500300000000000092e-02,9.999310119665675775e-03
2.500399999999999845e-02,1.099924113163224318e-02
2.500399999999999845e-02,1.199917214359881058e-02
2.500399999999999845e-02,1.299910315556537972e-02
2.500399999999999845e-02,1.399903416753194713e-02
2.500399999999999845e-02,1.499896517949851453e-02
2.500399999999999845e-02,1.599889619146508193e-02
2.501300000000000051e-02,1.699882720343164760e-02
2.501300000000000051e-02,1.799875821539821674e-02
2.501300000000000051e-02,1.899868922736478588e-02
2.501300000000000051e-02,1.999862023933135155e-02
2.501300000000000051e-02,2.099855125129792069e-02
2.501300000000000051e-02,2.199848226326448636e-02
2.501300000000000051e-02,2.299841327523105550e-02
2.501300000000000051e-02,2.399834428719762117e-02
2.501300000000000051e-02,2.499827529916419031e-02
2.501300000000000051e-02,2.599820631113075944e-02
2.501300000000000051e-02,2.699813732309732511e-02
2.501400000000000151e-02,2.799806833506389425e-02
2.501400000000000151e-02,2.899799934703045992e-02
2.501400000000000151e-02,2.999793035899702906e-02
2.501400000000000151e-02,3.099786137096359473e-02
2.501400000000000151e-02,3.199779238293016387e-02
2.501400000000000151e-02,3.299772339489673301e-02
2.501400000000000151e-02,3.399765440686329521e-02
2.501400000000000151e-02,3.499758541882986435e-02
2.502300000000000010e-02,3.599751643079643348e-02
2.502300000000000010e-02,3.699744744276300262e-02
2.502300000000000010e-02,3.799737845472957176e-02
2.502300000000000010e-02,3.899730946669613396e-02
2.502300000000000010e-02,3.999724047866270310e-02
2.502300000000000010e-02,4.099717149062927224e-02
2.502300000000000010e-02,4.199710250259584138e-02
2.502300000000000010e-02,4.299703351456241052e-02
2.502300000000000010e-02,4.399696452652897272e-02
2.502300000000000010e-02,4.499689553849554186e-02
2.502300000000000010e-02,4.599682655046211099e-02
2.502300000000000010e-02,4.699675756242868013e-02
2.502300000000000010e-02,4.799668857439524233e-02
2.502300000000000010e-02,4.899661958636181147e-02
2.502300000000000010e-02,4.999655059832838061e-02
2.502300000000000010e-02,5.099648161029494975e-02
2.502300000000000010e-02,5.199641262226151889e-02
2.502300000000000010e-02,5.299634363422808109e-02
2.502300000000000010e-02,5.399627464619465023e-02
2.502300000000000010e-02,5.499620565816121937e-02
2.502300000000000010e-02,5.599613667012778850e-02
2.502400000000000110e-02,5.699606768209435070e-02
2.502400000000000110e-02,5.799599869406091984e-02
2.502400000000000110e-02,5.899592970602748898e-02
2.502400000000000110e-02,5.999586071799405812e-02
2.502400000000000110e-02,6.099579172996062726e-02
2.502400000000000110e-02,6.199572274192718946e-02
2.502400000000000110e-02,6.299565375389376554e-02
2.502400000000000110e-02,6.399558476586032774e-02
2.502400000000000110e-02,6.499551577782688994e-02
2.502400000000000110e-02,6.599544678979346601e-02
2.502400000000000110e-02,6.699537780176002821e-02
2.502400000000000110e-02,6.799530881372659041e-02
2.502400000000000110e-02,6.899523982569316649e-02
2.502400000000000110e-02,6.999517083765972869e-02
2.502400000000000110e-02,7.099510184962630477e-02
2.502400000000000110e-02,7.199503286159286697e-02
2.503299999999999970e-02,7.299496387355942917e-02
2.503299999999999970e-02,7.399489488552600525e-02
2.503299999999999970e-02,7.499482589749256745e-02
2.503299999999999970e-02,7.599475690945914352e-02
2.503299999999999970e-02,7.699468792142570572e-02
2.503299999999999970e-02,7.799461893339226792e-02
2.503299999999999970e-02,7.899454994535884400e-02
2.503299999999999970e-02,7.999448095732540620e-02
2.503299999999999970e-02,8.099441196929198228e-02
2.503299999999999970e-02,8.199434298125854448e-02
2.503299999999999970e-02,8.299427399322510668e-02
2.503400000000000070e-02,8.399420500519168276e-02
2.503400000000000070e-02,8.499413601715824496e-02
2.503400000000000070e-02,8.599406702912482103e-02
2.503400000000000070e-02,8.699399804109138323e-02
2.503400000000000070e-02,8.799392905305794543e-02
2.503400000000000070e-02,8.899386006502452151e-02
2.503400000000000070e-02,8.999379107699108371e-02
2.503400000000000070e-02,9.099372208895764591e-02
2.503400000000000070e-02,9.199365310092422199e-02
2.504299999999999929e-02,9.299358411289078419e-02
2.504299999999999929e-02,9.399351512485736027e-02
2.504299999999999929e-02,9.499344613682392247e-02
2.504299999999999929e-02,9.599337714879048467e-02
2.504299999999999929e-02,9.699330816075706074e-02
2.504299999999999929e-02,9.799323917272362294e-02
2.504299999999999929e-02,9.899317018469019902e-02
2.504299999999999929e-02,9.999310119665676122e-02
2.504299999999999929e-02,1.009930322086233234e-01
2.504400000000000029e-02,1.019929632205898995e-01
2.504400000000000029e-02,1.029928942325564617e-01
2.504400000000000029e-02,1.039928252445230378e-01
2.504400000000000029e-02,1.049927562564896000e-01
2.504400000000000029e-02,1.059926872684561622e-01
2.504400000000000029e-02,1.069926182804227383e-01
2.504400000000000029e-02,1.079925492923893005e-01
2.505299999999999888e-02,1.089924803043558627e-01
2.505299999999999888e-02,1.099924113163224387e-01
2.505299999999999888e-02,1.109923423282890009e-01
2.505299999999999888e-02,1.119922733402555770e-01
2.505299999999999888e-02,1.129922043522221392e-01
2.505299999999999888e-02,1.139921353641887014e-01
2.505299999999999888e-02,1.149920663761552775e-01
2.505299999999999888e-02,1.159919973881218397e-01
2.505299999999999888e-02,1.169919284000884158e-01
2.505299999999999888e-02,1.179918594120549780e-01
2.505299999999999888e-02,1.189917904240215402e-01
2.505399999999999988e-02,1.199917214359881162e-01
2.505399999999999988e-02,1.209916524479546784e-01
2.505399999999999988e-02,1.219915834599212545e-01
2.505399999999999988e-02,1.229915144718878167e-01
2.505399999999999988e-02,1.239914454838543789e-01
2.505399999999999988e-02,1.249913764958209550e-01
2.505399999999999988e-02,1.259913075077875311e-01
2.505399999999999988e-02,1.269912385197540794e-01
2.505399999999999988e-02,1.279911695317206555e-01
2.505399999999999988e-02,1.289911005436872315e-01
2.505399999999999988e-02,1.299910315556537799e-01
2.506299999999999847e-02,1.309909625676203559e-01
2.506299999999999847e-02,1.319908935795869320e-01
2.506299999999999847e-02,1.329908245915534803e-01
2.506299999999999847e-02,1.339907556035200564e-01
2.506299999999999847e-02,1.349906866154866325e-01
2.506299999999999847e-02,1.359906176274531808e-01
2.506299999999999847e-02,1.369905486394197569e-01
2.506299999999999847e-02,1.379904796513863330e-01
2.506299999999999847e-02,1.389904106633529091e-01
2.506299999999999847e-02,1.399903416753194574e-01
2.506299999999999847e-02,1.409902726872860335e-01
2.506299999999999847e-02,1.419902036992526095e-01
2.506299999999999847e-02,1.429901347112191579e-01
2.506299999999999847e-02,1.439900657231857339e-01
2.506299999999999847e-02,1.449899967351523100e-01
2.506299999999999847e-02,1.459899277471188583e-01
2.506299999999999847e-02,1.469898587590854344e-01
2.506299999999999847e-02,1.479897897710520105e-01
2.506399999999999947e-02,1.489897207830185866e-01
2.506399999999999947e-02,1.499896517949851349e-01
2.506399999999999947e-02,1.509895828069517110e-01
2.506399999999999947e-02,1.519895138189182870e-01
2.506399999999999947e-02,1.529894448308848354e-01
2.506399999999999947e-02,1.539893758428514114e-01
2.506399999999999947e-02,1.549893068548179875e-01
2.506399999999999947e-02,1.559892378667845358e-01
2.506399999999999947e-02,1.569891688787511119e-01
2.506399999999999947e-02,1.579890998907176880e-01
2.506399999999999947e-02,1.589890309026842363e-01
2.506399999999999947e-02,1.599889619146508124e-01
2.506399999999999947e-02,1.609888929266173885e-01
2.506399999999999947e-02,1.619888239385839646e-01
2.506399999999999947e-02,1.629887549505505129e-01
2.506399999999999947e-02,1.639886859625170890e-01
2.506399999999999947e-02,1.649886169744836650e-01
2.506399999999999947e-02,1.659885479864502134e-01
2.506399999999999947e-02,1.669884789984167894e-01
2.506399999999999947e-02,1.679884100103833655e-01
2.507300000000000154e-02,1.689883410223499138e-01
2.507300000000000154e-02,1.699882720343164899e-01
2.507300000000000154e-02,1.709882030462830660e-01
2.507300000000000154e-02,1.719881340582496421e-01
2.507300000000000154e-02,1.729880650702161904e-01
2.507399999999999907e-02,1.739879960821827665e-01
2.507399999999999907e-02,1.749879270941493425e-01
2.507399999999999907e-02,1.759878581061158909e-01
2.507399999999999907e-02,1.769877891180824669e-01
2.507399999999999907e-02,1.779877201300490430e-01
2.507399999999999907e-02,1.789876511420155913e-01
2.609600000000000114e-02,1.799875821539821674e-01
2.829200000000000118e-02,1.809875131659487435e-01
3.005599999999999938e-02,1.819874441779152918e-01
3.155999999999999778e-02,1.829873751898818679e-01
3.356499999999999762e-02,1.839873062018484440e-01
3.755499999999999811e-02,1.849872372138150201e-01
4.388100000000000334e-02,1.859871682257815684e-01
5.000600000000000184e-02,1.869870992377481445e-01
5.000700000000000284e-02,1.879870302497147205e-01
5.001599999999999796e-02,1.889869612616812689e-01
5.001699999999999896e-02,1.899868922736478449e-01
5.001699999999999896e-02,1.909868232856144210e-01
5.002600000000000102e-02,1.919867542975809693e-01
5.002700000000000202e-02,1.929866853095475454e-01
5.002700000000000202e-02,1.939866163215141215e-01
5.002700000000000202e-02,1.949865473334806698e-01
5.003599999999999715e-02,1.959864783454472459e-01
5.003599999999999715e-02,1.969864093574138220e-01
5.003699999999999815e-02,1.979863403693803980e-01
5.003699999999999815e-02,1.989862713813469464e-01
5.003699999999999815e-02,1.999862023933135224e-01
5.003699999999999815e-02,2.009861334052800985e-01
5.003699999999999815e-02,2.019860644172466468e-01
5.004600000000000021e-02,2.029859954292132229e-01
5.004600000000000021e-02,2.039859264411797990e-01
5.004600000000000021e-02,2.049858574531463473e-01
5.004600000000000021e-02,2.059857884651129234e-01
5.004700000000000121e-02,2.069857194770794995e-01
5.004700000000000121e-02,2.079856504890460756e-01
5.004700000000000121e-02,2.089855815010126239e-01
5.004700000000000121e-02,2.099855125129792000e-01
5.004700000000000121e-02,2.109854435249457760e-01
5.004700000000000121e-02,2.119853745369123244e-01
5.004700000000000121e-02,2.129853055488789004e-01
5.004700000000000121e-02,2.139852365608454765e-01
5.004700000000000121e-02,2.149851675728120248e-01
5.004700000000000121e-02,2.159850985847786009e-01
5.004700000000000121e-02,2.169850295967451770e-01
5.004700000000000121e-02,2.179849606087117253e-01
5.004700000000000121e-02,2.189848916206783014e-01
5.004700000000000121e-02,2.199848226326448775e-01
5.004700000000000121e-02,2.209847536446114535e-01
5.004700000000000121e-02,2.219846846565780019e-01
5.005600000000000327e-02,2.229846156685445779e-01
5.005600000000000327e-02,2.239845466805111540e-01
5.005699999999999733e-02,2.249844776924777023e-01
5.005699999999999733e-02,2.259844087044442784e-01
5.005699999999999733e-02,2.269843397164108545e-01
5.005699999999999733e-02,2.279842707283774028e-01
5.005699999999999733e-02,2.289842017403439789e-01
5.005699999999999733e-02,2.299841327523105550e-01
5.005699999999999733e-02,2.309840637642771310e-01
5.005699999999999733e-02,2.319839947762436794e-01
5.005699999999999733e-02,2.329839257882102554e-01
5.006599999999999939e-02,2.339838568001768315e-01
5.006599999999999939e-02,2.349837878121433798e-01
5.006700000000000039e-02,2.359837188241099559e-01
5.006700000000000039e-02,2.369836498360765320e-01
5.006700000000000039e-02,2.379835808480430803e-01
5.006700000000000039e-02,2.389835118600096564e-01
5.006700000000000039e-02,2.399834428719762325e-01
5.006700000000000039e-02,2.409833738839427808e-01
5.006700000000000039e-02,2.419833048959093569e-01
5.006700000000000039e-02,2.429832359078759330e-01
5.006700000000000039e-02,2.439831669198425090e-01
5.007600000000000245e-02,2.449830979318090574e-01
5.007700000000000345e-02,2.459830289437756334e-01
5.007700000000000345e-02,2.469829599557422095e-01
5.007700000000000345e-02,2.479828909677087578e-01
5.007700000000000345e-02,2.489828219796753339e-01
5.007700000000000345e-02,2.499827529916419100e-01
5.007700000000000345e-02,2.509826840036084583e-01
5.007700000000000345e-02,2.519826150155750621e-01
5.007700000000000345e-02,2.529825460275416105e-01
5.007700000000000345e-02,2.539824770395081588e-01
5.007700000000000345e-02,2.549824080514747626e-01
5.007700000000000345e-02,2.559823390634413109e-01
5.008599999999999858e-02,2.569822700754078593e-01
5.008599999999999858e-02,2.579822010873744631e-01
5.008699999999999958e-02,2.589821320993410114e-01
5.008699999999999958e-02,2.599820631113075597e-01
5.008699999999999958e-02,2.609819941232741636e-01
5.008699999999999958e-02,2.619819251352407119e-01
5.008699999999999958e-02,2.629818561472072602e-01
5.008699999999999958e-02,2.639817871591738641e-01
5.008699999999999958e-02,2.649817181711404124e-01
5.008699999999999958e-02,2.659816491831069607e-01
5.008699999999999958e-02,2.669815801950735645e-01
5.008699999999999958e-02,2.679815112070401129e-01
5.008699999999999958e-02,2.689814422190066612e-01
5.008699999999999958e-02,2.699813732309732650e-01
5.008699999999999958e-02,2.709813042429398133e-01
5.008699999999999958e-02,2.719812352549063617e-01
5.008699999999999958e-02,2.729811662668729655e-01
5.008699999999999958e-02,2.739810972788395138e-01
5.008699999999999958e-02,2.749810282908061176e-01
5.008699999999999958e-02,2.759809593027726660e-01
5.009600000000000164e-02,2.769808903147392143e-01
5.009700000000000264e-02,2.779808213267058181e-01
5.009700000000000264e-02,2.789807523386723664e-01
5.009700000000000264e-02,2.799806833506389148e-01
5.009700000000000264e-02,2.809806143626055186e-01
5.009700000000000264e-02,2.819805453745720669e-01
5.009700000000000264e-02,2.829804763865386152e-01
5.009700000000000264e-02,2.839804073985052191e-01
5.009700000000000264e-02,2.849803384104717674e-01
5.010699999999999876e-02,2.859802694224383157e-01
5.010699999999999876e-02,2.869802004344049196e-01
5.010699999999999876e-02,2.879801314463714679e-01
5.010699999999999876e-02,2.889800624583380162e-01
5.010699999999999876e-02,2.899799934703046200e-01
5.010699999999999876e-02,2.909799244822711684e-01
5.011700000000000182e-02,2.919798554942377167e-01
5.011700000000000182e-02,2.929797865062043205e-01
5.011700000000000182e-02,2.939797175181708688e-01
5.011700000000000182e-02,2.949796485301374172e-01
5.011700000000000182e-02,2.959795795421040210e-01
5.011700000000000182e-02,2.969795105540705693e-01
5.011800000000000282e-02,2.979794415660371731e-01
5.012699999999999795e-02,2.989793725780037215e-01
5.012699999999999795e-02,2.999793035899702698e-01
5.012699999999999795e-02,3.009792346019368736e-01
5.012699999999999795e-02,3.019791656139034219e-01
5.012699999999999795e-02,3.029790966258699703e-01
5.012699999999999795e-02,3.039790276378365741e-01
5.012699999999999795e-02,3.049789586498031224e-01
5.012699999999999795e-02,3.059788896617696707e-01
5.012699999999999795e-02,3.069788206737362746e-01
5.012699999999999795e-02,3.079787516857028229e-01
5.012699999999999795e-02,3.089786826976693712e-01
5.012699999999999795e-02,3.099786137096359750e-01
5.012699999999999795e-02,3.109785447216025234e-01
5.012699999999999795e-02,3.119784757335690717e-01
5.012699999999999795e-02,3.129784067455356755e-01
5.013700000000000101e-02,3.139783377575022238e-01
5.013700000000000101e-02,3.149782687694687722e-01
5.013700000000000101e-02,3.159781997814353760e-01
5.089899999999999980e-02,3.169781307934019243e-01
5.406799999999999801e-02,3.179780618053684726e-01
5.639299999999999868e-02,3.189779928173350765e-01
6.047299999999999898e-02,3.199779238293016248e-01
6.637800000000000644e-02,3.209778548412682286e-01
7.379700000000000149e-02,3.219777858532347770e-01
7.502999999999999947e-02,3.229777168652013253e-01
7.503999999999999559e-02,3.239776478771679291e-01
7.505000000000000560e-02,3.249775788891344774e-01
7.505000000000000560e-02,3.259775099011010258e-01
7.506000000000000172e-02,3.269774409130676296e-01
7.506000000000000172e-02,3.279773719250341779e-01
7.506000000000000172e-02,3.289773029370007262e-01
7.506100000000000272e-02,3.299772339489673301e-01
7.506999999999999784e-02,3.309771649609338784e-01
7.506999999999999784e-02,3.319770959729004267e-01
7.506999999999999784e-02,3.329770269848670305e-01
7.506999999999999784e-02,3.339769579968335789e-01
7.506999999999999784e-02,3.349768890088001272e-01
7.506999999999999784e-02,3.359768200207667310e-01
7.506999999999999784e-02,3.369767510327332793e-01
7.507099999999999884e-02,3.379766820446998277e-01
7.507099999999999884e-02,3.389766130566664315e-01
7.507999999999999396e-02,3.399765440686329798e-01
7.507999999999999396e-02,3.409764750805995281e-01
7.507999999999999396e-02,3.419764060925661320e-01
7.507999999999999396e-02,3.429763371045326803e-01
7.508099999999999496e-02,3.439762681164992841e-01
7.508099999999999496e-02,3.449761991284658325e-01
7.509000000000000397e-02,3.459761301404323808e-01
7.509000000000000397e-02,3.469760611523989846e-01
7.509000000000000397e-02,3.479759921643655329e-01
7.509000000000000397e-02,3.489759231763320813e-01
7.509100000000000497e-02,3.499758541882986851e-01
7.509100000000000497e-02,3.509757852002652334e-01
7.510000000000000009e-02,3.519757162122317817e-01
7.510000000000000009e-02,3.529756472241983856e-01
7.510000000000000009e-02,3.539755782361649339e-01
7.510000000000000009e-02,3.549755092481314822e-01
7.510100000000000109e-02,3.559754402600980860e-01
7.510100000000000109e-02,3.569753712720646344e-01
7.510999999999999621e-02,3.579753022840311827e-01
7.510999999999999621e-02,3.589752332959977865e-01
7.510999999999999621e-02,3.599751643079643348e-01
7.510999999999999621e-02,3.609750953199308832e-01
7.510999999999999621e-02,3.619750263318974870e-01
7.510999999999999621e-02,3.629749573438640353e-01
7.511099999999999721e-02,3.639748883558305836e-01
7.511099999999999721e-02,3.649748193677971875e-01
7.511099999999999721e-02,3.659747503797637358e-01
7.511099999999999721e-02,3.669746813917303396e-01
7.512000000000000621e-02,3.679746124036968880e-01
7.512000000000000621e-02,3.689745434156634363e-01
7.512000000000000621e-02,3.699744744276300401e-01
7.512000000000000621e-02,3.709744054395965884e-01
7.512099999999999334e-02,3.719743364515631368e-01
7.512099999999999334e-02,3.729742674635297406e-01
7.512099999999999334e-02,3.739741984754962889e-01
7.513000000000000234e-02,3.749741294874628372e-01
7.513000000000000234e-02,3.759740604994294411e-01
7.513000000000000234e-02,3.769739915113959894e-01
7.513100000000000334e-02,3.779739225233625377e-01
7.513100000000000334e-02,3.789738535353291415e-01
7.513999999999999846e-02,3.799737845472956899e-01
7.513999999999999846e-02,3.809737155592622382e-01
7.513999999999999846e-02,3.819736465712288420e-01
7.514099999999999946e-02,3.829735775831953903e-01
7.514099999999999946e-02,3.839735085951619387e-01
7.514099999999999946e-02,3.849734396071285425e-01
7.514999999999999458e-02,3.859733706190950908e-01
7.514999999999999458e-02,3.869733016310616391e-01
7.514999999999999458e-02,3.879732326430282430e-01
7.514999999999999458e-02,3.889731636549947913e-01
7.515099999999999558e-02,3.899730946669613396e-01
7.515099999999999558e-02,3.909730256789279434e-01
7.515099999999999558e-02,3.919729566908944918e-01
7.515099999999999558e-02,3.929728877028610956e-01
7.516000000000000458e-02,3.939728187148276439e-01
7.516100000000000558e-02,3.949727497267941922e-01
7.516100000000000558e-02,3.959726807387607961e-01
7.517000000000000071e-02,3.969726117507273444e-01
7.517100000000000171e-02,3.979725427626938927e-01
7.517999999999999683e-02,3.989724737746604966e-01
7.518099999999999783e-02,3.999724047866270449e-01
7.518099999999999783e-02,4.009723357985935932e-01
7.519000000000000683e-02,4.019722668105601970e-01
7.519000000000000683e-02,4.029721978225267454e-01
7.519099999999999395e-02,4.039721288344932937e-01
7.519099999999999395e-02,4.049720598464598975e-01
7.519099999999999395e-02,4.059719908584264458e-01
7.519099999999999395e-02,4.069719218703929942e-01
7.520100000000000395e-02,4.079718528823595980e-01
7.639300000000000257e-02,4.089717838943261463e-01
7.955199999999999771e-02,4.099717149062926946e-01
8.257899999999999963e-02,4.109716459182592985e-01
8.693099999999999439e-02,4.119715769302258468e-01
9.362700000000000189e-02,4.129715079421923951e-01
1.000430000000000069e-01,4.139714389541589989e-01
1.000629999999999992e-01,4.149713699661255473e-01
1.000739999999999963e-01,4.159713009780921511e-01
1.000830000000000053e-01,4.169712319900586994e-01
1.000840000000000063e-01,4.179711630020252477e-01
1.000930000000000014e-01,4.189710940139918516e-01
1.000930000000000014e-01,4.199710250259583999e-01
1.000940000000000024e-01,4.209709560379249482e-01
1.000940000000000024e-01,4.219708870498915521e-01
1.000940000000000024e-01,4.229708180618581004e-01
1.000940000000000024e-01,4.239707490738246487e-01
1.001029999999999975e-01,4.249706800857912525e-01
1.001039999999999985e-01,4.259706110977578009e-01
1.001039999999999985e-01,4.269705421097243492e-01
1.001129999999999937e-01,4.279704731216909530e-01
1.001139999999999947e-01,4.289704041336575013e-01
1.001139999999999947e-01,4.299703351456240497e-01
1.001230000000000037e-01,4.309702661575906535e-01
1.001240000000000047e-01,4.319701971695572018e-01
1.001240000000000047e-01,4.329701281815237501e-01
1.001240000000000047e-01,4.339700591934903540e-01
1.001329999999999998e-01,4.349699902054569023e-01
1.001329999999999998e-01,4.359699212174234506e-01
1.001340000000000008e-01,4.369698522293900544e-01
1.001340000000000008e-01,4.379697832413566028e-01
1.001340000000000008e-01,4.389697142533232066e-01
1.001340000000000008e-01,4.399696452652897549e-01
1.001340000000000008e-01,4.409695762772563032e-01
1.001429999999999959e-01,4.419695072892229071e-01
1.001439999999999969e-01,4.429694383011894554e-01
1.001439999999999969e-01,4.439693693131560037e-01
1.001439999999999969e-01,4.449693003251226076e-01
1.001439999999999969e-01,4.459692313370891559e-01
1.001540000000000069e-01,4.469691623490557042e-01
1.001540000000000069e-01,4.479690933610223080e-01
1.001540000000000069e-01,4.489690243729888564e-01
1.001630000000000020e-01,4.499689553849554047e-01
1.001640000000000030e-01,4.509688863969220085e-01
1.001640000000000030e-01,4.519688174088885568e-01
1.001640000000000030e-01,4.529687484208551052e-01
1.001729999999999982e-01,4.539686794328217090e-01
1.001739999999999992e-01,4.549686104447882573e-01
1.001739999999999992e-01,4.559685414567548056e-01
1.001739999999999992e-01,4.569684724687214095e-01
1.001739999999999992e-01,4.579684034806879578e-01
1.001739999999999992e-01,4.589683344926545061e-01
1.001750000000000002e-01,4.599682655046211099e-01
1.001839999999999953e-01,4.609681965165876583e-01
1.001839999999999953e-01,4.619681275285542621e-01
1.001839999999999953e-01,4.629680585405208104e-01
1.001940000000000053e-01,4.639679895524873587e-01
1.001940000000000053e-01,4.649679205644539626e-01
1.002040000000000014e-01,4.659678515764205109e-01
1.002040000000000014e-01,4.669677825883870592e-01
1.002040000000000014e-01,4.679677136003536631e-01
1.002139999999999975e-01,4.689676446123202114e-01
1.002139999999999975e-01,4.699675756242867597e-01
1.002139999999999975e-01,4.709675066362533635e-01
1.002139999999999975e-01,4.719674376482199118e-01
1.002239999999999936e-01,4.729673686601864602e-01
1.002249999999999946e-01,4.739672996721530640e-01
1.002439999999999998e-01,4.749672306841196123e-01
1.002539999999999959e-01,4.759671616960861606e-01
1.002539999999999959e-01,4.769670927080527645e-01
1.002539999999999959e-01,4.779670237200193128e-01
1.002539999999999959e-01,4.789669547319858611e-01
1.007149999999999990e-01,4.799668857439524650e-01
1.042740000000000056e-01,4.809668167559190133e-01
1.069810000000000066e-01,4.819667477678855616e-01
1.119939999999999963e-01,4.829666787798521654e-01
1.196030000000000010e-01,4.839666097918187138e-01
1.250769999999999937e-01,4.849665408037853176e-01
1.250970000000000137e-01,4.859664718157518659e-01
1.251069999999999960e-01,4.869664028277184142e-01
1.251160000000000050e-01,4.879663338396850181e-01
1.251170000000000060e-01,4.889662648516515664e-01
1.251170000000000060e-01,4.899661958636181147e-01
1.251180000000000070e-01,4.909661268755847185e-01
1.251269999999999882e-01,4.919660578875512669e-01
1.251269999999999882e-01,4.929659888995178152e-01
1.251369999999999982e-01,4.939659199114844190e-01
1.251369999999999982e-01,4.949658509234509673e-01
1.251470000000000082e-01,4.959657819354175157e-01
1.251470000000000082e-01,4.969657129473841195e-01
1.251470000000000082e-01,4.979656439593506678e-01
1.251569999999999905e-01,4.989655749713172161e-01
1.251569999999999905e-01,4.999655059832838200e-01
1.251569999999999905e-01,5.009654369952504238e-01
1.251569999999999905e-01,5.019653680072169166e-01
1.251579999999999915e-01,5.029652990191835205e-01
1.251670000000000005e-01,5.039652300311501243e-01
1.251670000000000005e-01,5.049651610431166171e-01
1.251680000000000015e-01,5.059650920550832209e-01
1.251770000000000105e-01,5.069650230670498248e-01
1.251770000000000105e-01,5.079649540790163176e-01
1.251780000000000115e-01,5.089648850909829214e-01
1.251869999999999927e-01,5.099648161029495252e-01
1.251869999999999927e-01,5.109647471149160181e-01
1.251869999999999927e-01,5.119646781268826219e-01
1.251970000000000027e-01,5.129646091388492257e-01
1.251970000000000027e-01,5.139645401508157185e-01
1.251970000000000027e-01,5.149644711627823224e-01
1.251980000000000037e-01,5.159644021747489262e-01
1.251980000000000037e-01,5.169643331867154190e-01
1.252070000000000127e-01,5.179642641986820228e-01
1.252070000000000127e-01,5.189641952106486267e-01
1.252080000000000137e-01,5.199641262226151195e-01
1.252169999999999950e-01,5.209640572345817233e-01
1.252179999999999960e-01,5.219639882465483272e-01
1.252270000000000050e-01,5.229639192585148200e-01
1.252270000000000050e-01,5.239638502704814238e-01
1.252280000000000060e-01,5.249637812824480276e-01
1.252369999999999872e-01,5.259637122944145204e-01
1.252369999999999872e-01,5.269636433063811243e-01
1.252379999999999882e-01,5.279635743183477281e-01
1.252469999999999972e-01,5.289635053303142209e-01
1.252479999999999982e-01,5.299634363422808248e-01
1.252570000000000072e-01,5.309633673542474286e-01
1.252669999999999895e-01,5.319632983662139214e-01
1.252679999999999905e-01,5.329632293781805252e-01
1.252769999999999995e-01,5.339631603901471291e-01
1.252780000000000005e-01,5.349630914021136219e-01
1.252870000000000095e-01,5.359630224140802257e-01
1.252979999999999927e-01,5.369629534260468295e-01
1.253170000000000117e-01,5.379628844380133224e-01
1.253180000000000127e-01,5.389628154499799262e-01
1.253279999999999950e-01,5.399627464619465300e-01
1.286859999999999948e-01,5.409626774739130228e-01
1.314740000000000075e-01,5.419626084858796267e-01
1.363759999999999972e-01,5.429625394978462305e-01
1.444060000000000066e-01,5.439624705098127233e-01
1.501010000000000122e-01,5.449624015217793271e-01
1.501300000000000134e-01,5.459623325337459310e-01
1.501399999999999957e-01,5.469622635457125348e-01
1.501409999999999967e-01,5.479621945576790276e-01
1.501409999999999967e-01,5.489621255696456315e-01
1.501510000000000067e-01,5.499620565816122353e-01
1.501599999999999879e-01,5.509619875935787281e-01
1.501609999999999889e-01,5.519619186055453319e-01
1.501709999999999989e-01,5.529618496175119358e-01
1.501709999999999989e-01,5.539617806294784286e-01
1.501800000000000079e-01,5.549617116414450324e-01
1.501810000000000089e-01,5.559616426534116362e-01
1.501810000000000089e-01,5.569615736653781290e-01
1.501899999999999902e-01,5.579615046773447329e-01
1.501909999999999912e-01,5.589614356893113367e-01
1.502000000000000002e-01,5.599613667012778295e-01
1.502010000000000012e-01,5.609612977132444334e-01
1.502100000000000102e-01,5.619612287252110372e-01
1.502110000000000112e-01,5.629611597371775300e-01
1.502110000000000112e-01,5.639610907491441338e-01
1.502199999999999924e-01,5.649610217611107377e-01
1.502209999999999934e-01,5.659609527730772305e-01
1.502209999999999934e-01,5.669608837850438343e-01
1.502209999999999934e-01,5.679608147970104381e-01
1.502310000000000034e-01,5.689607458089769310e-01
1.502310000000000034e-01,5.699606768209435348e-01
1.502400000000000124e-01,5.709606078329101386e-01
1.502410000000000134e-01,5.719605388448766314e-01
1.502499999999999947e-01,5.729604698568432353e-01
1.502509999999999957e-01,5.739604008688098391e-01
1.502600000000000047e-01,5.749603318807763319e-01
1.502610000000000057e-01,5.759602628927429357e-01
1.502610000000000057e-01,5.769601939047095396e-01
1.502699999999999869e-01,5.779601249166760324e-01
1.502709999999999879e-01,5.789600559286426362e-01
1.502809999999999979e-01,5.799599869406092401e-01
1.502900000000000069e-01,5.809599179525757329e-01
1.502910000000000079e-01,5.819598489645423367e-01
1.503009999999999902e-01,5.829597799765089405e-01
1.503009999999999902e-01,5.839597109884754333e-01
1.503110000000000002e-01,5.849596420004420372e-01
1.503210000000000102e-01,5.859595730124086410e-01
1.503400000000000014e-01,5.869595040243751338e-01
1.503410000000000024e-01,5.879594350363417377e-01
1.503510000000000124e-01,5.889593660483083415e-01
1.503809999999999869e-01,5.899592970602748343e-01
1.503819999999999879e-01,5.909592280722414381e-01
1.530680000000000096e-01,5.919591590842080420e-01
1.559850000000000125e-01,5.929590900961746458e-01
1.603870000000000018e-01,5.939590211081411386e-01
1.678860000000000074e-01,5.949589521201077424e-01
1.751240000000000019e-01,5.959588831320743463e-01
1.751540000000000041e-01,5.969588141440408391e-01
1.751639999999999864e-01,5.979587451560074429e-01
1.751739999999999964e-01,5.989586761679740468e-01
1.751840000000000064e-01,5.999586071799405396e-01
1.751939999999999886e-01,6.009585381919071434e-01
1.752029999999999976e-01,6.019584692038737472e-01
1.752039999999999986e-01,6.029584002158402400e-01
1.752039999999999986e-01,6.039583312278068439e-01
1.752140000000000086e-01,6.049582622397734477e-01
1.752150000000000096e-01,6.059581932517399405e-01
1.752239999999999909e-01,6.069581242637065444e-01
1.752340000000000009e-01,6.079580552756731482e-01
1.752340000000000009e-01,6.089579862876396410e-01
1.752440000000000109e-01,6.099579172996062448e-01
1.752440000000000109e-01,6.109578483115728487e-01
1.752539999999999931e-01,6.119577793235393415e-01
1.752539999999999931e-01,6.129577103355059453e-01
1.752640000000000031e-01,6.139576413474725491e-01
1.752640000000000031e-01,6.149575723594390420e-01
1.752740000000000131e-01,6.159575033714056458e-01
1.752749999999999864e-01,6.169574343833722496e-01
1.752839999999999954e-01,6.179573653953387424e-01
1.752849999999999964e-01,6.189572964073053463e-01
1.752940000000000054e-01,6.199572274192719501e-01
1.752950000000000064e-01,6.209571584312384429e-01
1.753039999999999876e-01,6.219570894432050467e-01
1.753139999999999976e-01,6.229570204551716506e-01
1.753240000000000076e-01,6.239569514671381434e-01
1.753250000000000086e-01,6.249568824791047472e-01
1.753339999999999899e-01,6.259568134910713511e-01
1.753439999999999999e-01,6.269567445030378439e-01
1.753550000000000109e-01,6.279566755150044477e-01
1.753649999999999931e-01,6.289566065269710515e-01
1.753750000000000031e-01,6.299565375389375443e-01
1.754040000000000044e-01,6.309564685509041482e-01
1.754050000000000054e-01,6.319563995628707520e-01
1.754439999999999888e-01,6.329563305748372448e-01
1.767469999999999875e-01,6.339562615868038487e-01
1.802269999999999983e-01,6.349561925987704525e-01
1.840859999999999996e-01,6.359561236107369453e-01
1.903819999999999957e-01,6.369560546227035491e-01
1.986729999999999885e-01,6.379559856346701530e-01
2.001779999999999948e-01,6.389559166466367568e-01
2.001880000000000048e-01,6.399558476586032496e-01
2.002079999999999971e-01,6.409557786705698534e-01
2.002269999999999883e-01,6.419557096825364573e-01
2.002279999999999893e-01,6.429556406945029501e-01
2.002369999999999983e-01,6.439555717064695539e-01
2.002480000000000093e-01,6.449555027184361577e-01
2.002569999999999906e-01,6.459554337304026506e-01
2.002670000000000006e-01,6.469553647423692544e-01
2.002680000000000016e-01,6.479552957543358582e-01
2.002780000000000116e-01,6.489552267663023510e-01
2.002869999999999928e-01,6.499551577782689549e-01
2.002970000000000028e-01,6.509550887902355587e-01
2.002980000000000038e-01,6.519550198022020515e-01
2.003080000000000138e-01,6.529549508141686553e-01
2.003169999999999951e-01,6.539548818261352592e-01
2.003270000000000051e-01,6.549548128381017520e-01
2.003369999999999873e-01,6.559547438500683558e-01
2.003469999999999973e-01,6.569546748620349597e-01
2.003479999999999983e-01,6.579546058740014525e-01
2.003580000000000083e-01,6.589545368859680563e-01
2.003780000000000006e-01,6.599544678979346601e-01
2.003880000000000106e-01,6.609543989099011529e-01
2.003979999999999928e-01,6.619543299218677568e-01
2.004279999999999951e-01,6.629542609338343606e-01
2.004469999999999863e-01,6.639541919458008534e-01
2.004680000000000073e-01,6.649541229577674573e-01
2.005180000000000018e-01,6.659540539697340611e-01
2.042470000000000119e-01,6.669539849817005539e-01
2.072749999999999870e-01,6.679539159936671577e-01
2.118669999999999998e-01,6.689538470056337616e-01
2.184639999999999915e-01,6.699537780176002544e-01
2.251710000000000100e-01,6.709537090295668582e-01
2.252200000000000035e-01,6.719536400415334620e-01
2.252409999999999968e-01,6.729535710534999549e-01
2.252510000000000068e-01,6.739535020654665587e-01
2.252699999999999980e-01,6.749534330774331625e-01
2.252810000000000090e-01,6.759533640893996553e-01
2.252909999999999913e-01,6.769532951013662592e-01
2.253010000000000013e-01,6.779532261133328630e-01
2.253110000000000113e-01,6.789531571252993558e-01
2.253209999999999935e-01,6.799530881372659596e-01
2.253310000000000035e-01,6.809530191492325635e-01
2.253410000000000135e-01,6.819529501611990563e-01
2.253519999999999968e-01,6.829528811731656601e-01
2.253699999999999870e-01,6.839528121851322640e-01
2.253799999999999970e-01,6.849527431970987568e-01
2.253910000000000080e-01,6.859526742090653606e-01
2.254110000000000003e-01,6.869526052210319644e-01
2.254210000000000103e-01,6.879525362329985683e-01
2.254420000000000035e-01,6.889524672449650611e-01
2.254619999999999957e-01,6.899523982569316649e-01
2.254919999999999980e-01,6.909523292688982687e-01
2.255409999999999915e-01,6.919522602808647616e-01
2.278479999999999950e-01,6.929521912928313654e-01
2.313659999999999883e-01,6.939521223047979692e-01
2.364799999999999958e-01,6.949520533167644620e-01
2.457620000000000082e-01,6.959519843287310659e-01
2.502340000000000120e-01,6.969519153406976697e-01
2.502739999999999965e-01,6.979518463526641625e-01
2.502849999999999797e-01,6.989517773646307663e-01
2.503049999999999997e-01,6.999517083765973702e-01
2.503239999999999910e-01,7.009516393885638630e-01
2.503349999999999742e-01,7.019515704005304668e-01
2.503540000000000210e-01,7.029515014124970707e-01
2.503639999999999755e-01,7.039514324244635635e-01
2.503839999999999955e-01,7.049513634364301673e-01
2.503949999999999787e-01,7.059512944483967711e-01
2.504049999999999887e-01,7.069512254603632639e-01
2.504250000000000087e-01,7.079511564723298678e-01
2.504449999999999732e-01,7.089510874842964716e-01
2.504739999999999744e-01,7.099510184962629644e-01
2.505049999999999777e-01,7.109509495082295683e-01
2.505450000000000177e-01,7.119508805201961721e-01
2.505959999999999854e-01,7.129508115321626649e-01
2.545239999999999725e-01,7.139507425441292687e-01
2.605299999999999838e-01,7.149506735560958726e-01
2.750759999999999872e-01,7.159506045680623654e-01
2.752879999999999772e-01,7.169505355800289692e-01
2.753180000000000072e-01,7.179504665919955730e-01
2.753380000000000272e-01,7.189503976039620659e-01
2.753579999999999917e-01,7.199503286159286697e-01
2.753780000000000117e-01,7.209502596278952735e-01
2.753979999999999762e-01,7.219501906398617663e-01
2.754179999999999962e-01,7.229501216518283702e-01
2.754380000000000162e-01,7.239500526637949740e-01
2.754579999999999806e-01,7.249499836757614668e-01
2.754789999999999739e-01,7.259499146877280706e-01
2.755079999999999751e-01,7.269498456996946745e-01
2.755480000000000151e-01,7.279497767116611673e-01
2.756089999999999929e-01,7.289497077236277711e-01
2.767919999999999825e-01,7.299496387355943749e-01
2.836690000000000045e-01,7.309495697475608678e-01
3.002509999999999901e-01,7.319495007595274716e-01
3.003219999999999779e-01,7.329494317714940754e-01
3.003609999999999891e-01,7.339493627834606793e-01
3.003910000000000191e-01,7.349492937954271721e-01
3.004109999999999836e-01,7.359492248073937759e-01
3.004410000000000136e-01,7.369491558193603797e-01
3.004609999999999781e-01,7.379490868313268725e-01
3.004820000000000269e-01,7.389490178432934764e-01
3.005120000000000013e-01,7.399489488552600802e-01
3.005519999999999858e-01,7.409488798672265730e-01
3.006019999999999803e-01,7.419488108791931769e-01
3.006820000000000048e-01,7.429487418911597807e-01
3.048529999999999851e-01,7.439486729031262735e-01
3.184469999999999801e-01,7.449486039150928773e-01
3.253449999999999953e-01,7.459485349270594812e-01
3.253940000000000166e-01,7.469484659390259740e-01
3.254250000000000198e-01,7.479483969509925778e-01
3.254549999999999943e-01,7.489483279629591816e-01
3.254850000000000243e-01,7.499482589749256745e-01
3.255149999999999988e-01,7.509481899868922783e-01
3.255449999999999733e-01,7.519481209988588821e-01
3.255859999999999865e-01,7.529480520108253749e-01
3.256549999999999723e-01,7.539479830227919788e-01
3.257660000000000000e-01,7.549479140347585826e-01
3.324230000000000240e-01,7.559478450467250754e-01
3.503379999999999828e-01,7.569477760586916792e-01
3.504079999999999973e-01,7.579477070706582831e-01
3.504490000000000105e-01,7.589476380826247759e-01
3.504880000000000217e-01,7.599475690945913797e-01
3.505190000000000250e-01,7.609475001065579836e-01
3.505579999999999807e-01,7.619474311185244764e-01
3.505989999999999940e-01,7.629473621304910802e-01
3.506500000000000172e-01,7.639472931424576840e-01
3.507399999999999962e-01,7.649472241544241768e-01
3.540869999999999851e-01,7.659471551663907807e-01
3.699879999999999836e-01,7.669470861783573845e-01
3.754310000000000147e-01,7.679470171903238773e-01
3.754810000000000092e-01,7.689469482022904812e-01
3.755209999999999937e-01,7.699468792142570850e-01
3.755609999999999782e-01,7.709468102262235778e-01
3.756019999999999914e-01,7.719467412381901816e-01
3.756519999999999859e-01,7.729466722501567855e-01
3.757220000000000004e-01,7.739466032621232783e-01
3.758529999999999927e-01,7.749465342740898821e-01
3.829500000000000126e-01,7.759464652860564859e-01
4.004240000000000022e-01,7.769463962980229788e-01
4.004949999999999899e-01,7.779463273099895826e-01
4.005449999999999844e-01,7.789462583219561864e-01
4.005859999999999976e-01,7.799461893339226792e-01
4.006350000000000189e-01,7.809461203458892831e-01
4.006950000000000234e-01,7.819460513578558869e-01
4.007760000000000211e-01,7.829459823698224907e-01
4.009759999999999991e-01,7.839459133817889835e-01
4.129380000000000273e-01,7.849458443937555874e-01
4.254800000000000249e-01,7.859457754057221912e-01
4.255570000000000186e-01,7.869457064176886840e-01
4.256079999999999863e-01,7.879456374296552879e-01
4.256590000000000096e-01,7.889455684416218917e-01
4.257190000000000141e-01,7.899454994535883845e-01
4.258179999999999743e-01,7.909454304655549883e-01
4.260399999999999743e-01,7.919453614775215922e-01
4.392329999999999846e-01,7.929452924894880850e-01
4.505310000000000148e-01,7.939452235014546888e-01
4.506009999999999738e-01,7.949451545134212926e-01
4.506530000000000258e-01,7.959450855253877855e-01
4.507129999999999748e-01,7.969450165373543893e-01
4.507929999999999993e-01,7.979449475493209931e-01
4.509420000000000095e-01,7.989448785612874859e-01
4.561560000000000059e-01,7.999448095732540898e-01
4.754950000000000010e-01,8.009447405852206936e-01
4.756050000000000000e-01,8.019446715971871864e-01
4.756750000000000145e-01,8.029446026091537902e-01
4.757359999999999922e-01,8.039445336211203941e-01
4.758160000000000167e-01,8.049444646330868869e-01
4.759570000000000189e-01,8.059443956450534907e-01
4.804769999999999874e-01,8.069443266570200946e-01
5.005079999999999529e-01,8.079442576689865874e-01
5.006380000000000274e-01,8.089441886809531912e-01
5.007089999999999597e-01,8.099441196929197950e-01
5.007880000000000109e-01,8.109440507048862878e-01
5.008799999999999919e-01,8.119439817168528917e-01
5.010689999999999866e-01,8.129439127288194955e-01
5.082889999999999908e-01,8.139438437407859883e-01
5.256020000000000136e-01,8.149437747527525921e-01
5.257020000000000026e-01,8.159437057647191960e-01
5.257819999999999716e-01,8.169436367766856888e-01
5.258720000000000061e-01,8.179435677886522926e-01
5.260129999999999528e-01,8.189434988006188965e-01
5.296009999999999884e-01,8.199434298125853893e-01
5.505550000000000166e-01,8.209433608245519931e-01
5.507149999999999546e-01,8.219432918365185969e-01
5.507959999999999523e-01,8.229432228484850897e-01
5.508859999999999868e-01,8.239431538604516936e-01
5.510249999999999870e-01,8.249430848724182974e-01
5.526109999999999634e-01,8.259430158843847902e-01
5.731720000000000148e-01,8.269429468963513941e-01
5.757390000000000008e-01,8.279428779083179979e-01
5.758299999999999530e-01,8.289428089202846017e-01
5.759290000000000243e-01,8.299427399322510945e-01
5.760699999999999710e-01,8.309426709442176984e-01
5.785959999999999992e-01,8.319426019561843022e-01
6.005629999999999580e-01,8.329425329681507950e-01
6.007820000000000382e-01,8.339424639801173988e-01
6.008820000000000272e-01,8.349423949920840027e-01
6.009830000000000449e-01,8.359423260040504955e-01
6.011630000000000029e-01,8.369422570160170993e-01
6.058350000000000124e-01,8.379421880279837032e-01
6.257059999999999844e-01,8.389421190399501960e-01
6.258460000000000134e-01,8.399420500519167998e-01
6.259460000000000024e-01,8.409419810638834036e-01
6.260679999999999579e-01,8.419419120758498964e-01
6.263159999999999838e-01,8.429418430878165003e-01
6.359519999999999618e-01,8.439417740997831041e-01
6.508080000000000531e-01,8.449417051117495969e-01
6.509200000000000541e-01,8.459416361237162008e-01
6.510299999999999976e-01,8.469415671356828046e-01
6.512000000000000011e-01,8.479414981476492974e-01
6.541169999999999485e-01,8.489414291596159012e-01
6.756919999999999593e-01,8.499413601715825051e-01
6.759020000000000028e-01,8.509412911835489979e-01
6.760129999999999750e-01,8.519412221955156017e-01
6.761449999999999960e-01,8.529411532074822055e-01
6.764240000000000252e-01,8.539410842194486984e-01
6.863489999999999869e-01,8.549410152314153022e-01
7.008760000000000545e-01,8.559409462433819060e-01
7.010060000000000180e-01,8.569408772553483988e-01
7.011279999999999735e-01,8.579408082673150027e-01
7.013460000000000250e-01,8.589407392792816065e-01
7.061690000000000467e-01,8.599406702912480993e-01
7.258390000000000120e-01,8.609406013032147031e-01
7.259999999999999787e-01,8.619405323151813070e-01
7.261300000000000532e-01,8.629404633271477998e-01
7.263110000000000399e-01,8.639403943391144036e-01
7.292980000000000018e-01,8.649403253510810075e-01
7.507519999999999749e-01,8.659402563630475003e-01
7.510139999999999594e-01,8.669401873750141041e-01
7.511529999999999596e-01,8.679401183869807079e-01
7.513339999999999463e-01,8.689400493989472007e-01
7.536199999999999566e-01,8.699399804109138046e-01
7.745819999999999927e-01,8.709399114228804084e-01
7.760470000000000423e-01,8.719398424348469012e-01
7.761890000000000178e-01,8.729397734468135051e-01
7.763970000000000038e-01,8.739397044587801089e-01
7.800660000000000371e-01,8.749396354707466017e-01
8.009079999999999533e-01,8.759395664827132055e-01
8.011209999999999720e-01,8.769394974946798094e-01
8.012899999999999467e-01,8.779394285066464132e-01
8.015919999999999712e-01,8.789393595186129060e-01
8.108750000000000124e-01,8.799392905305795098e-01
8.260739999999999750e-01,8.809392215425461137e-01
8.262530000000000152e-01,8.819391525545126065e-01
8.264930000000000332e-01,8.829390835664792103e-01
8.313869999999999871e-01,8.839390145784458142e-01
8.510550000000000059e-01,8.849389455904123070e-01
8.512589999999999879e-01,8.859388766023789108e-01
8.515080000000000426e-01,8.869388076143455146e-01
8.563699999999999646e-01,8.879387386263120074e-01
8.760999999999999899e-01,8.889386696382786113e-01
8.763199999999999878e-01,8.899386006502452151e-01
8.766310000000000491e-01,8.909385316622117079e-01
8.849339999999999984e-01,8.919384626741783118e-01
9.012059999999999516e-01,8.929383936861449156e-01
9.014440000000000230e-01,8.939383246981114084e-01
9.019850000000000367e-01,8.949382557100780122e-01
9.260369999999999990e-01,8.959381867220446161e-01
9.263679999999999692e-01,8.969381177340111089e-01
9.267189999999999594e-01,8.979380487459777127e-01
9.375449999999999617e-01,8.989379797579443165e-01
9.513300000000000090e-01,8.999379107699108093e-01
9.516400000000000414e-01,9.009378417818774132e-01
9.575690000000000035e-01,9.019377727938440170e-01
9.763129999999999864e-01,9.029377038058105098e-01
9.766350000000000309e-01,9.039376348177771137e-01
9.823180000000000245e-01,9.049375658297437175e-01
1.001349000000000045e+00,9.059374968417102103e-01
1.001727000000000034e+00,9.069374278536768141e-01
1.011171000000000042e+00,9.079373588656434180e-01
1.026483000000000034e+00,9.089372898776099108e-01
1.027052999999999994e+00,9.099372208895765146e-01
1.051282000000000050e+00,9.109371519015431184e-01
1.051744999999999930e+00,9.119370829135096113e-01
1.061970999999999998e+00,9.129370139254762151e-01
1.076627000000000001e+00,9.139369449374428189e-01
1.081231999999999971e+00,9.149368759494093117e-01
1.101582000000000061e+00,9.159368069613759156e-01
1.103475999999999901e+00,9.169367379733425194e-01
1.126576000000000022e+00,9.179366689853090122e-01
1.127547000000000077e+00,9.189365999972756160e-01
1.151620000000000088e+00,9.199365310092422199e-01
1.154808000000000057e+00,9.209364620212087127e-01
1.176730000000000054e+00,9.219363930331753165e-01
1.182978000000000085e+00,9.229363240451419204e-01
1.201896999999999993e+00,9.239362550571085242e-01
1.221035000000000093e+00,9.249361860690750170e-01
1.227249999999999952e+00,9.259361170810416208e-01
1.251730999999999927e+00,9.269360480930082247e-01
1.257668000000000008e+00,9.279359791049747175e-01
1.277136999999999967e+00,9.289359101169413213e-01
1.301757000000000053e+00,9.299358411289079251e-01
1.308265000000000011e+00,9.309357721408744180e-01
1.327342999999999940e+00,9.319357031528410218e-01
1.351977999999999902e+00,9.329356341648076256e-01
1.376557999999999948e+00,9.339355651767741184e-01
1.382173000000000096e+00,9.349354961887407223e-01
1.402624000000000093e+00,9.359354272007073261e-01
1.427259000000000055e+00,9.369353582126738189e-01
1.452077000000000062e+00,9.379352892246404227e-01
1.476901000000000019e+00,9.389352202366070266e-01
1.494186000000000014e+00,9.399351512485735194e-01
1.512183999999999973e+00,9.409350822605401232e-01
1.533098999999999990e+00,9.419350132725067271e-01
1.557487999999999984e+00,9.429349442844732199e-01
1.582101999999999897e+00,9.439348752964398237e-01
1.608157000000000059e+00,9.449348063084064275e-01
1.635553999999999952e+00,9.459347373203729203e-01
1.668369999999999909e+00,9.469346683323395242e-01
1.702196000000000042e+00,9.479345993443061280e-01
1.727506999999999904e+00,9.489345303562726208e-01
1.752842000000000011e+00,9.499344613682392247e-01
1.778726000000000029e+00,9.509343923802058285e-01
1.811020000000000074e+00,9.519343233921723213e-01
1.852355999999999892e+00,9.529342544041389251e-01
1.877888000000000002e+00,9.539341854161055290e-01
1.903666999999999998e+00,9.549341164280720218e-01
1.935975000000000001e+00,9.559340474400386256e-01
1.977452999999999905e+00,9.569339784520052294e-01
2.003369000000000177e+00,9.579339094639717223e-01
2.050990000000000091e+00,9.589338404759383261e-01
2.083377000000000034e+00,9.599337714879049299e-01
2.130339999999999900e+00,9.609337024998714227e-01
2.180409000000000042e+00,9.619336335118380266e-01
2.234090999999999827e+00,9.629335645238046304e-01
2.299960000000000004e+00,9.639334955357711232e-01
2.353848000000000162e+00,9.649334265477377270e-01
2.418047000000000057e+00,9.659333575597043309e-01
2.480180999999999969e+00,9.669332885716708237e-01
2.553952999999999918e+00,9.679332195836374275e-01
2.628697999999999979e+00,9.689331505956040314e-01
2.703860999999999848e+00,9.699330816075706352e-01
2.779323999999999906e+00,9.709330126195371280e-01
2.854769000000000112e+00,9.719329436315037318e-01
2.929790000000000116e+00,9.729328746434703357e-01
3.004897000000000151e+00,9.739328056554368285e-01
3.104572999999999805e+00,9.749327366674034323e-01
3.211218000000000128e+00,9.759326676793700361e-01
3.334855999999999820e+00,9.769325986913365290e-01
3.464173000000000169e+00,9.779325297033031328e-01
3.605725000000000069e+00,9.789324607152697366e-01
3.755155999999999938e+00,9.799323917272362294e-01
3.886212000000000000e+00,9.809323227392028333e-01
4.019554000000000293e+00,9.819322537511694371e-01
4.198976000000000042e+00,9.829321847631359299e-01
4.404116000000000142e+00,9.839321157751025337e-01
4.614510000000000112e+00,9.849320467870691376e-01
4.845367999999999675e+00,9.859319777990356304e-01
5.062776999999999639e+00,9.869319088110022342e-01
5.362089000000000105e+00,9.879318398229688380e-01
5.694645999999999653e+00,9.889317708349353309e-01
6.021424999999999805e+00,9.899317018469019347e-01
6.460848000000000368e+00,9.909316328588685385e-01
6.942655000000000243e+00,9.919315638708350313e-01
7.539569000000000187e+00,9.929314948828016352e-01
8.226606999999999559e+00,9.939314258947682390e-01
9.115237999999999730e+00,9.949313569067347318e-01
1.031670300000000040e+01,9.959312879187013356e-01
1.206289300000000075e+01,9.969312189306679395e-01
1.507664899999999975e+01,9.979311499426344323e-01
2.448917300000000097e+01,9.989310809546010361e-01
3.727235830000000192e+02,9.999310119665676400e-01
